priority,url,source,what_to_verify,as_published_in_the_report,checked_2026_09_01
P1,https://www.loopnet.com/Listing/2974N-Hiawatha-Rd-Butternut-WI/28687292/,Donner's Bay Resort — LoopNet (commercial detail),Cross-check building schedule and income figures.,"Same listing, commercial view.",
P1,https://www.shorewest.com/WI/Iron/Butternut/2974n-Hiawatha-Rd-Butternut-WI-54514/210365-GNMLS,Donner's Bay Resort — MLS 210365 (primary listing),"Settle the cabin count (6 or 7 units), the lot size (1.31 or 3.1 ac) and the ask ($1.57M or $1.595M).",The report's headline recommendation.,
P1,https://landvest.com/listing/218079/lt-11-15-briar-lane-land-o-lakes-wi-54540/,Lac du Lune — MLS 218079 (primary listing),"Confirm 27.1 ac / 1,181 ft and whether the frontage can be split into five conforming lots.",The 'build the sketch exactly' recommendation.,
P1,https://search.library.wisc.edu/digital/AROWUBPEP7E4NI82/text/AD23D2DV3QLXSK9A,"Monthey & Zielinski, 'Vacation Resorts' (Wis. Academy, 1973)",Confirm the figure: Oneida County lost over 23% of resort-type establishments since 1961. This is a 1973 paper — the trend claim needs a modern source too.,Used as evidence for the whole 'buy a retiring resort' thesis.,"CORRECTED THE REPORT: the 23% figure covers 1961-1968 only (23.4% Oneida vs 13.9% statewide; ~98% of losses seasonal cottage-type), not 'since 1961'. Briefing and appendix both fixed."
P1,https://www.jmdsproperties.com/wi-resorts-for-sale/w770-wind-song-lane-road-other-price-wisconsin-54552/,Moose Jaw Resort — primary listing (Price Co.),"Confirm 17 ac, 8 cabins, 18 campsites, 24 slips, $2.75M, MLS 2028977 — and confirm which lake it fronts.",Was mis-located onto Round Lake (Sawyer) in the first draft; now corrected.,
P1,https://www.shorewest.com/WI/Oneida/Rhinelander/4000-Lakeshore-Dr-Rhinelander-WI-54501/217391-GNMLS,Pine Valley Lodge — MLS 217391 (primary listing),"Confirm ask ($1.499M vs $1.6M), cabin count, and that the 1,900 ft of frontage is contiguous and plattable.",The best frontage-per-dollar claim in the report.,
P1,https://www.vilascountywi.gov/departments/administration___officials/zoning_and_planning/zoning.php,Vilas County Zoning & Planning (LIVE county source),"Get the CURRENT General Zoning Ordinance (updated 12/15/2025) and Shoreland Zoning Ordinance. Confirm the one-dwelling-plus-one-non-rental-guest-house rule and any square-footage cap. Dept: zoning@vilascountywi.gov, (715) 479-3620.",Supersedes the 2003 PDF the report was written from.,
P1,https://www3.uwsp.edu/cnr-ap/UWEXLakes/Documents/ecology/shoreland/mitigation/shoreland_zoning_ordinance_vilas_co_june_26_2003.pdf,Vilas County shoreland zoning ordinance,THE load-bearing zoning claim. Confirm: one principal dwelling + one NON-RENTAL guest house per lot; guest houses and boathouses excluded from 'principal structure'. Note this copy is dated 2003 — find the current ordinance.,Briefing states the lodge-plus-five-cabins program is not permittable on a single Wisconsin residential lot.,"PARTLY CONFIRMED: non-rental guesthouse is not a principal structure, and one additional non-rental guest house is allowed on an unsewered lake lot. Still need the CURRENT ordinance (county says General Zoning Ordinance updated 12/15/2025) — see the new vilascountywi.gov row."
P1,https://docs.legis.wisconsin.gov/code/admin_code/nr/100/115.pdf,Wis. Admin. Code NR 115 (full text),"Confirm: 75-ft setback from OHWM, 35-ft no-cut vegetative buffer, ~15% impervious cap, unsewered lots >=100 ft wide and >=20,000 sq ft.",Quoted as the state-level shoreland minimums in the compound-math table.,
P1,https://www.lakeplace.com/forsale/wi-county/sawyer/,"listing — 12391 W Moreland Rd, Hayward — $1.95M (Round Lake) | listing — Grindstone chalet + guest cottage — verify price (Grindstone Lake) | listing — Lac Courte Oreilles legacy estate — $2.495M (Lac Courte Oreilles)","Confirm still active, and confirm price/cabin count/frontage. A recommendation rests on this.","Furnished lakeside cabin + guest cottage; sugar-sand frontage, sunset exposure · asking $1,950,000","12391 W Moreland Rd CONFIRMED at $1.95M, 4BR/4BA, 3,037 sf, 1.04 ac — but it is PENDING as of Sep 1. Round Lake (Sawyer) verdict changed from 'buy' to 'patient'."
P1,https://www.commercialzip.com/resorts/wi/,"listing — 12770 Scenic Dr, Iron River — verify price (Lake Delta (Bayfield Co.)) | listing — Donner's Bay Resort, Turtle–Flambeau — $1.57M (Turtle–Flambeau Flowage) | listing — Pine Valley Lodge, Rhinelander — $1.5M (Moen Chain) | listing — Butternut Lake resort — $849K (Butternut Lake (Price Co.))","Confirm this property exists, is still listed, and get price + acreage + frontage. I could not establish these.","Lake Delta resort: main lodge with operating bar & restaurant, attached 3BR home · price not established","CONFIRMED both: Donner's Bay = 2974N Hiawatha Rd, Butternut, MLS 210365, 74 years one family, 7,334 sf (sources differ 6 vs 7 cabin units, $1.57M vs $1.595M, 1.31 vs 3.1 ac). Pine Valley Lodge = 4000 Lakeshore Dr, MLS 217391, 27 ac / 1,900 ft, 1920s lodge + liquor licence + 5,000 sf rec hall."
P1,https://www.lakehouse.com/1350-s-hill-island-rd-cedarville-michigan-49719-p7047997.html,"listing — 1350 S Hill Island Rd, Cedarville — vacant 150 ft (Les Cheneaux Islands)","Confirm this property exists, is still listed, and get price + acreage + frontage. I could not establish these.",150 ft of vacant waterfront just east of Cedarville · price not established,
P1,https://www.land.com/Upper-Peninsula-Michigan-Region/lakefront-property/,"listing — 28278 Fence Lake Rd, Michigamme — verify price () | listing — East shore frontage, Bergland — $595K (Lake Gogebic) | listing — Hagerman Lake Rd, Iron River — $425K (Hagerman Lake) | listing — Iron County lakefront parcel — $129.9K (Iron County, MI)","Confirm this property exists, is still listed, and get price + acreage + frontage. I could not establish these.","14.2-ac private waterfront sanctuary, Baraga County · price not established",
P1,https://www.lakehomes.com/michigan/higgins-lake,"listing — 303 Kenwood, Roscommon — $1.55M (Higgins Lake) | listing — 6970 W Higgins Lake Dr — $1.45M (Higgins Lake) | listing — West-shore 6BR, 100+ ft frontage — $1.9M (Higgins Lake)","Confirm this property exists, is still listed, and get price + acreage + frontage. I could not establish these.","5+ wooded acres with sunset lake views · asking $1,550,000",
P1,https://www.landwatch.com/michigan-land-for-sale/glen-arbor/waterfront-property,"listing — 5760 W Crystal View Rd, Glen Arbor — $1.995M (Big Glen Lake)","Confirm this property exists, is still listed, and get price + acreage + frontage. I could not establish these.","4.8 ac, 3BR/2BA, 2,575 sf · asking $1,995,000",
P1,https://www.lakehomes.com/wisconsin/black-oak-lake-land-olakes,listing — 6024 Black Oak Lake Rd S — $699K (Black Oak Lake),"Confirm still active, and confirm price/cabin count/frontage. A recommendation rests on this.","3BR/2BA year-round home on Wisconsin's clearest lake · asking $699,000",
P1,https://www.land.com/Cheboygan-County-MI/lakefront-property/,listing — Cheboygan County lakefront inventory (Cheboygan County),"Confirm this property exists, is still listed, and get price + acreage + frontage. I could not establish these.","~1,000 ac of lakefront land listed countywide; average ask $376K · price not established",
P1,https://haywardlakes.com/lakes/chippewa-flowage/,listing — Chippewa Flowage inventory — 17 live (Chippewa Flowage),"Confirm this property exists, is still listed, and get price + acreage + frontage. I could not establish these.",17 active Chippewa Flowage listings in Hayward this summer · price not established,
P1,https://www.lakeplace.com/forsale/wi-county/vilas/,"listing — Coady's Point of View Resort, North Twin — $2.8M (North Twin Lake) | listing — Manitowish Waters chain inventory (Manitowish Waters Chain) | listing — Buckatabon Lodge & Campground — $3.75M (Lower Buckatabon Lake)","Confirm still active, and confirm price/cabin count/frontage. A recommendation rests on this.","Resort + campground on the Twin Lakes chain; family-run since 1897 · asking $2,800,000",
P1,https://www.cabinsandcamps.com/crookedlakeresort,"listing — Crooked Lake Resort, Lake MI — verify price (Crooked Lake (Lake, MI))","Confirm this property exists, is still listed, and get price + acreage + frontage. I could not establish these.",Owner's home + 6 winterized log cabins + park model + bait store on 146 ft of sand · price not established,
P1,https://www.landflip.com/land-for-sale/wisconsin/vilas-county/waterfront-keyword,"listing — Dunn Lake parcel, Presque Isle — $347.5K (Dunn Lake) | listing — Lac du Lune assemblage — $1.35M (Lac du Lune) | listing — Amik Lake parcel + cabin, Lac du Flambeau — $305K () | listing — Star Lake (Sawyer Co.) — 646 ac — $3.8M (Star Lake (Sawyer Co., private))","Confirm still active, and confirm price/cabin count/frontage. A recommendation rests on this.","14+ ac with over 1,000 ft of lake frontage · asking $347,500","CONFIRMED: Lac du Lune parcel = Lt 11-15 Briar Ln, MLS 218079, 27.1 ac / 1,181 ft, $1.35M, wraps a 13-ac pond. Lake is 442 ac / 68 ft / ~20 ft clarity (report had 470 ac) — corrected."
P1,https://www.haydenoutdoors.com/land-for-sale/halfway-lake-cottages/,"listing — Halfway Lake Cottages, Newberry — $1.595M (Halfway Lake (private, no-motor))","Confirm still active, and confirm price/cabin count/frontage. A recommendation rests on this.","25 ac, ~1,700 ft frontage; 8 cabins + guest house + 3BR owner's residence + pole barn · asking $1,595,000",
P1,https://www.jmdsproperties.com/wi-resorts-for-sale/,"listing — Hayward — 16154 US Hwy 63 — $975K (Hayward, WI)","Confirm this property exists, is still listed, and get price + acreage + frontage. I could not establish these.","Hayward-area property via JMDS Properties · asking $975,000",
P1,https://www.lakehomes.com/michigan/long-lake-alpena,listing — Hubbard Lake inventory (Hubbard Lake),"Confirm this property exists, is still listed, and get price + acreage + frontage. I could not establish these.",Northeast Michigan's cheapest deep-water frontage; see Alcona County listings · price not established,
P1,https://www.wxyz.com/news/dnr-auctioning-off-more-than-100-properties-across-michigan-in-2026-heres-how-to-bid,listing — Michigan DNR surplus land auction 2026 (Statewide (MI DNR)) | Michigan DNR 2026 surplus land auction,"Confirm this property exists, is still listed, and get price + acreage + frontage. I could not establish these.","97 statewide parcels, 20+ over 40 ac; Alpena/Cheboygan/Presque Isle counties Aug 21 · price not established",
P1,https://www.landsearch.com/resort/wisconsin,"listing — Moose Jaw Resort, Round Lake — $2.75M (Round Lake)","Confirm still active, and confirm price/cabin count/frontage. A recommendation rests on this.","17 ac in the Chequamegon National Forest; working cabin cluster + lodge building · asking $2,750,000","ERROR FOUND AND FIXED: Moose Jaw Resort is at W770 Wind Song Ln, Park Falls (Price Co.), on Round Lake of the PIKE CHAIN (726 ac, 24 ft, root-beer water) — not the 3,294-ac Round Lake near Hayward. It was a Tier 1 anchor; now reclassified as a program-not-water buy."
P1,https://www.traversenorth.com/property-search/waterfront-resorts-and-businesses.html,listing — Northern Michigan cabin resort (Herendeene Lake) — $2.5M (Herendeene Lake) | listing — Torch Lake motel & cabins — $1.6M (Torch Lake),"Confirm still active, and confirm price/cabin count/frontage. A recommendation rests on this.","430–450 ft frontage; hand-hewn 5BR log home + 6BR farmhouse + 6 remodeled cabins · asking $2,500,000",
P1,https://www.lakeplace.com/forsale/wi/presque-isle/,"listing — Presque Isle inventory — 30 live, avg $520K (Presque Isle Lake)","Confirm this property exists, is still listed, and get price + acreage + frontage. I could not establish these.",30 active Presque Isle lake listings; range $24.9K–$1.599M · price not established,
P1,https://greatlakesandland.com/residentialeup.php,"listing — Private island cottage, Snows Channel — $1.0M (Les Cheneaux Islands) | listing — Cedarville historic cottage — $799K (Les Cheneaux Islands) | listing — Hessel turnkey waterfront — $579K (Les Cheneaux Islands)","Confirm still active, and confirm price/cabin count/frontage. A recommendation rests on this.","Own private island, 575 ft of waterfront, 3BR historic cottage, 3-stall boathouse, turret, gazebo · asking $1,000,000",
P1,https://northernmichiganescapes.com/lake-charlevoix-real-estate-the-definitive-2026-guide-to-waterfront-living,listing — South Arm estate parcel — 3.4 ac / 277 ft (Lake Charlevoix) | Lake Charlevoix frontage pricing 2026,"Confirm this property exists, is still listed, and get price + acreage + frontage. I could not establish these.",3.4 ac with 277 ft of South Arm frontage · price not established,
P1,https://brickcorbett.com/neighborhoods/torch-lake,listing — Torch Lake estate parcel — 7.5 ac (Torch Lake) | listing — Torch–Elk estate parcel — 7.5 ac (Elk Lake),"Confirm this property exists, is still listed, and get price + acreage + frontage. I could not establish these.",Rare 7.5-ac estate parcel between Torch and Elk Lakes · price not established,
P2,https://www.michigan.gov/egle/about/organization/water-resources/inland-lakes-and-streams/permits,EGLE Part 301 permits,"Confirm scope: bottomlands work, and creating/altering a pond within 500 ft of an inland lake.",Cited as the limit of Michigan state-level regulation.,
P2,https://www.legislature.mi.gov/Laws/MCL?objectName=mcl-324-80209,MCL 324.80209 (Michigan speed),Confirm: no wake-generating speed within 100 ft of shore or in under 3 ft of water.,Cited in the compound-math table.,
P2,https://mymlsa.org/critical-boat-wake-legislation-introduced-in-michigan-house/,MLSA on Michigan HB 5532,"Confirm: 500 ft / 20 ft depth proposal, died in committee.",Cited in the wake-boat row.,
P2,https://mymlsa.org/regulating-keyhole-development/,MLSA on keyhole/funnel ordinances,Confirm that townships regulate back-lot lake access this way.,Cited as a Michigan density risk.,
P2,https://michiganwhitetailproperties.com/blog/michigan-land-prices-per-acre-2026michigan-land-prices-per-acre-in-2026-county-by-county-breakdown/,Michigan land prices per acre 2026,"Confirm: Cheboygan $12–17K/ac, Antrim $18–28K/ac, Kalkaska $12–16K, Otsego $10–14K.",The Cheboygan-vs-Antrim spread is the basis of the Michigan value argument.,
P2,https://midwestweekends.com/plan-a-trip/stay/lodges-resorts/Wisconsin-historic-lodges/,Midwest Weekends — historic WI lodges,"Confirm the quoted trend: owners selling, buyers demolishing cabins to build one house.",Supports the resort-arbitrage thesis.,
P2,https://www.lakehomes.com/wisconsin/round-lake-hayward,Round Lake (Sawyer Co.) inventory,"Confirm 12391 W Moreland Rd is still pending, and whether anything else has come live.",Round Lake's Tier 1 case now rests on off-market activity.,
P2,https://www.tptoriginals.org/mom-and-pop-resorts-in-minnesota-are-disappearing/,TPT — mom-and-pop resorts disappearing,Regional corroboration for the resort-decline trend (Minnesota data).,Cited indirectly as supporting context.,
P2,https://www.wwcoalition.org/wake-surfing-bans/local-state-laws/wi-wake-surfing-law,WI local wake-surfing ordinances,"Confirm: 80+ local ordinances, 37 passed in 2025.",Cited as the reason to check township rules per lake.,
P2,https://www.wxpr.org/business-economics/2026-06-19/as-visitor-spending-sets-more-records-in-the-northwoods-those-in-the-industry-look-for-new-opportunities,WXPR — Northwoods visitor spending records 2025,"Confirm: Vilas and Oneida each over $400M visitor impact in 2025; Vilas tourism supports 2,147 jobs.",Newly added as the counterweight to the resort-decline story.,
P2,https://law.justia.com/codes/wisconsin/chapter-30/section-30-66/,Wis. Stat. 30.66 speed restrictions,Confirm: slow-no-wake within 100 ft of shore/dock/raft; 200 ft for PWC; water-ski pick-up exemption.,Cited in the compound-math table.,
P2,https://wisconsinlakes.org/wake-bills-fail-to-move-in-wi-legislature/,Wisconsin Lakes — 2025 wake bills,"Confirm: no statewide rule; competing bills at 200 ft, 500 ft/20 ft, 700 ft/30 ft.",Cited in the wake-boat row of the compound-math table.,
P2,https://www.wjfw.com/news/regional/wisconsin-has-seen-vacation-home-purchases-fall-50-0-since-2021/article_712e673f-ee2a-58be-a379-d0f3bdfebcab.html,Wisconsin vacation-home purchases down 50% since 2021,Confirm: vacation-home share of mortgage originations 4.9% (2021) to 2.6% (2025).,Newly added to the playbook as the market-timing argument.,
P2,https://www.lakeplace.com/forsale/wi-county/oneida/,"listing — 11400 Santo Rd, Arbor Vitae — $3.25M (Big Arbor Vitae Lake)",Confirm still active and that price/detail match.,"34.5 ac; multiple year-round dwellings and cottages, rental-capable · asking $3,250,000",
P2,https://realmo.com/resorts/for-sale/mi/,"listing — 127 & 128 Oneida Dr, Houghton Lake — $1.5M () | listing — 8928 N Boot Lake Rd, Manistique — $650K (Boot Lake (Manistique)) | listing — Free Soil seven-cabin resort — $565K (Free Soil, MI) | listing — Houghton Lake cabin resort — $1.19M (Houghton Lake) | listing — Lupton lakefront resort — $950K (Lupton, MI) | listing — Rockwell Lake Lodge, Luther — $6.2M (Rockwell Lake (private))",Confirm still active and that price/detail match.,"Turnkey waterfront hospitality: log cabins, owner's home, sandy shoreline · asking $1,500,000",
P2,https://www.lakehomes.com/michigan/crystal-lake-beulah,"listing — 3151 Crystal Dr, Beulah — $1.9M (Crystal Lake) | listing — 4354 Crystal Dr, Beulah — $1.2M (Crystal Lake)",Confirm still active and that price/detail match.,"4BR/3.5BA, 2,750 sf on 0.72 ac · asking $1,900,000",
P2,https://www.lakehouse.com/torch-lake-antrim-county-michigan-lake-homes-for-sale-b1825.html,"listing — 3285 S East Torch Lake Dr, Bellaire — $999K (Torch/Elk corridor)",Confirm still active and that price/detail match.,"14+ ac, 4BR/3BA between Torch and Elk · asking $999,000",
P2,https://www.lakehouse.com/49945-n-lake-owen-dr-cable-wisconsin-54821-p7237649.html,"listing — 49945 N Lake Owen Dr, Cable — $3.0M (Lake Owen)",Confirm still active and that price/detail match.,"5.31 ac, 350 ft of frontage, 4BR/3BA, 3,735 sf · asking $3,000,000",
P2,https://www.lakehomes.com/michigan/walloon-lake,"listing — 651 South Shore Dr, Walloon — $7.7M (Walloon Lake)",Confirm still active and that price/detail match.,"1.53 ac on the lake Hemingway wrote about · asking $7,700,000",
P2,https://www.lakehomes.com/michigan/glen-lake,"listing — 7953 S Glen Lake Rd, Glen Arbor — $2.995M (Big Glen Lake)",Confirm still active and that price/detail match.,"6BR/6.5BA, 4,854 sf on 0.58 ac inside Sleeping Bear · asking $2,995,000",
P2,https://www.goldbarrealty.com/lakehomes/milliondollar,"listing — Chain Lake, Sugar Camp — $1.499M (Sugar Camp Chain) | listing — High Lake 5BR — $1.025M (High & Fishtrap Lakes)",Confirm still active and that price/detail match.,"201 ft of frontage on the five-lake Sugar Camp chain · asking $1,499,000",
P2,https://www.lakeplace.com/forsale/lake/namekagon/,listing — Lake Namakagon inventory — $225K–$750K (Lake Namakagon),Confirm still active and that price/detail match.,"Multiple lots and homes across the range, Cable WI · asking $750,000",
P2,https://www.lakeplace.com/forsale/wi/minocqua/,"listing — Legacy lakefront estate, Lake Tomahawk — $3.3M (Lake Tomahawk)",Confirm still active and that price/detail match.,"1.45 ac, 338 ft frontage; maintained main home, furnished cabins, multiple docks · asking $3,300,000",
P2,https://www.commercialzip.com/wi/resorts/,listing — Pelican Lake resort — $724.9K (Pelican Lake),Confirm still active and that price/detail match.,"~9 ac with 204 ft of frontage; cabin cluster · asking $724,900",
P2,https://www.goldbarrealty.com/lakehomes/millionfive,"listing — Phelps 6.95-ac, 500-ft frontage — $3.15M (North Twin Lake) | listing — Phelps Class-A assemblage — $5.249M (North Twin Lake)",Confirm still active and that price/detail match.,"6.95 ac with 500 ft of ripple-sand frontage · asking $3,150,000",
P2,https://www.land.com/Kalkaska-County-MI/Lakefront-Property/,market page — Arbutus / Spider Lakes chain,Snapshot of current inventory; check what is actually listed now.,Used for market depth and price-range claims.,
P2,https://www.lakeplace.com/forsale/wi/land-o-lakes/,market page — Black Oak Lake,Snapshot of current inventory; check what is actually listed now.,Used for market depth and price-range claims.,
P2,https://www.eliasonrealty.com/cisco-chain/,market page — Cisco Chain of Lakes,Snapshot of current inventory; check what is actually listed now.,Used for market depth and price-range claims.,
P2,https://www.lakehouse.com/elk-lake-antrim-county-michigan-lake-homes-for-sale-b3736.html,market page — Elk Lake,Snapshot of current inventory; check what is actually listed now.,Used for market depth and price-range claims.,
P2,https://www.redfin.com/county/1418/MI/Presque-Isle-County/waterfront,market page — Grand Lake,Snapshot of current inventory; check what is actually listed now.,Used for market depth and price-range claims.,
P2,https://www.redfin.com/county/1419/MI/Roscommon-County/waterfront,market page — Higgins Lake,Snapshot of current inventory; check what is actually listed now.,Used for market depth and price-range claims.,
P2,https://www.redfin.com/county/1362/MI/Charlevoix-County/waterfront,market page — Lake Bellaire,Snapshot of current inventory; check what is actually listed now.,Used for market depth and price-range claims.,
P2,https://www.brookwalsh.com/lake-charlevoix-realestate.php,market page — Lake Charlevoix,Snapshot of current inventory; check what is actually listed now.,Used for market depth and price-range claims.,
P2,https://www.landsearch.com/lakefront/northern-michigan-mi,market page — Lake Leelanau (N & S),Snapshot of current inventory; check what is actually listed now.,Used for market depth and price-range claims.,
P2,https://www.land.com/Otsego-County-MI/lakefront-property/,market page — Lake Margrethe,Snapshot of current inventory; check what is actually listed now.,Used for market depth and price-range claims.,
P2,https://www.lakeplace.com/forsale/wi-county/bayfield/,market page — Lake Namakagon,Snapshot of current inventory; check what is actually listed now.,Used for market depth and price-range claims.,
P2,https://www.zillow.com/cable-wi/lake-owen_att/,market page — Lake Owen,Snapshot of current inventory; check what is actually listed now.,Used for market depth and price-range claims.,
P2,https://www.lakeplace.com/forsale/wi/eagle-river/,market page — Long Lake (Phelps),Snapshot of current inventory; check what is actually listed now.,Used for market depth and price-range claims.,
P2,https://www.lakeplace.com/forsale/wi/hayward/,market page — Nelson Lake,Snapshot of current inventory; check what is actually listed now.,Used for market depth and price-range claims.,
P2,https://www.lakeplace.com/forsale/wi/northern/,market page — Pike Lake Chain,Snapshot of current inventory; check what is actually listed now.,Used for market depth and price-range claims.,
P2,https://www.goldbarrealty.com/lakes/troutlake,market page — Trout Lake (the archetype),Snapshot of current inventory; check what is actually listed now.,Used for market depth and price-range claims.,
P2,https://www.vrbo.com/4732042,rental (Midwest) — 5RK Ranch Lakeside — whole-peninsula buyout [VRBO (Lodge only)],"Confirm bedrooms, dock/waterfront, July–August 2026 availability and the weekly rate; ask for the off-platform rate if this is the platform listing.",11 BR / sleeps 26 · rates on request · Reservations@5RKRanchLakeside.com · buyout,
P2,https://5rkranchlakeside.com/,rental (Midwest) — 5RK Ranch Lakeside — whole-peninsula buyout [book direct],"Confirm bedrooms, dock/waterfront, July–August 2026 availability and the weekly rate; ask for the off-platform rate if this is the platform listing.",11 BR / sleeps 26 · rates on request · Reservations@5RKRanchLakeside.com · buyout,
P2,https://www.chimneycornersresort.com/,rental (Midwest) — Chimney Corners Resort — Woodsmere cottage (9 BR) [book direct],"Confirm bedrooms, dock/waterfront, July–August 2026 availability and the weekly rate; ask for the off-platform rate if this is the platform listing.","9 BR / sleeps 18 · $3,885/wk · buyout",
P2,https://www.rentbyowner.com/property/dancing-water-retreat-lake-front-cabin-grindstone-lake-hayward-w-dock/HA-3212141509,rental (Midwest) — Dancing Water Retreat — Northwoods Beach [VRBO (via RentByOwner)],"Confirm bedrooms, dock/waterfront, July–August 2026 availability and the weekly rate; ask for the off-platform rate if this is the platform listing.","7 BR / sleeps 16 · $3,715/wk · single",
P2,https://www.vrbo.com/274728ha,"rental (Midwest) — Elk Lake Estate — 198 ft of frontage, sleeps 22 [VRBO]","Confirm bedrooms, dock/waterfront, July–August 2026 availability and the weekly rate; ask for the off-platform rate if this is the platform listing.",6 BR / sleeps 22 · rate on request · single,
P2,https://elklakeretreat.com/,"rental (Midwest) — Elk Lake Retreat — five-cabin buyout, sleeps 30 [book direct]","Confirm bedrooms, dock/waterfront, July–August 2026 availability and the weekly rate; ask for the off-platform rate if this is the platform listing.",? BR / sleeps 30 · rate on request · 231-883-6009 · buyout,
P2,https://www.vrbo.com/vacation-rentals/usa/wisconsin/wi-north-west/hayward/lac-courte-oreilles,"rental (Midwest) — Hayward Lakefront — gorgeous cabin, up to 21 guests [VRBO (LCO listings)]","Confirm bedrooms, dock/waterfront, July–August 2026 availability and the weekly rate; ask for the off-platform rate if this is the platform listing.","? BR / sleeps 21 · $1,685/wk · single",
P2,https://www.vacationrenter.com/p/402281532,rental (Midwest) — Large Turtle Flambeau Flowage House — Mercer [VRBO (via VacationRenter)],"Confirm bedrooms, dock/waterfront, July–August 2026 availability and the weekly rate; ask for the off-platform rate if this is the platform listing.","7 BR / sleeps 18 · $4,950/wk · single",
P2,http://www.flambeaulodging.com/,rental (Midwest) — Large Turtle Flambeau Flowage House — Mercer [book direct],"Confirm bedrooms, dock/waterfront, July–August 2026 availability and the weekly rate; ask for the off-platform rate if this is the platform listing.","7 BR / sleeps 18 · $4,950/wk · single",
P2,https://www.vrbo.com/993215,rental (Midwest) — Majestic Retreat + neighbour cabin — book together for 24 [VRBO],"Confirm bedrooms, dock/waterfront, July–August 2026 availability and the weekly rate; ask for the off-platform rate if this is the platform listing.",8 BR / sleeps 24 · combined rate on request · buyout,
P2,https://www.vrbo.com/2371320,"rental (Midwest) — Noble Spirit — 7 BR, Kewadin [VRBO]","Confirm bedrooms, dock/waterfront, July–August 2026 availability and the weekly rate; ask for the off-platform rate if this is the platform listing.","7 BR / sleeps 18 · $13,200/wk · single",
P2,https://www.vrbo.com/2240917,"rental (Midwest) — Quiet Spirit — 8 BR lodge, Kewadin (northeast shore) [VRBO]","Confirm bedrooms, dock/waterfront, July–August 2026 availability and the weekly rate; ask for the off-platform rate if this is the platform listing.","8 BR / sleeps 19 · $14,300/wk · single",
P2,https://www.byowner.com/vacation-rentals/house/quiet-spirit-at-torch-lake-exquisitely-designed-and-decorated-1602867,"rental (Midwest) — Quiet Spirit — 8 BR lodge, Kewadin (northeast shore) [book direct]","Confirm bedrooms, dock/waterfront, July–August 2026 availability and the weekly rate; ask for the off-platform rate if this is the platform listing.","8 BR / sleeps 19 · $14,300/wk · single",
P2,https://www.vrbo.com/2322802,rental (Midwest) — Torch Lake sandbar — no 7+ BR rental found [VRBO],"Confirm bedrooms, dock/waterfront, July–August 2026 availability and the weekly rate; ask for the off-platform rate if this is the platform listing.",4 BR / sleeps 8 · largest found: 4 BR · single,
P2,https://www.adkbyowner.com/listings/VR13038.html,"rental (Northeast) — Bluff Point Camp — boat-access, sleeps 18 [Adirondack by Owner]","Confirm bedrooms, dock/waterfront, July–August 2026 availability and the weekly rate; ask for the off-platform rate if this is the platform listing.","6 BR / sleeps 18 · $4,500/wk · single",
P2,https://www.adkbyowner.com/listings/VR12682.html,"rental (Northeast) — Camp Garçon — historic Great Camp, 7 BR but capped at 10 [Adirondack by Owner]","Confirm bedrooms, dock/waterfront, July–August 2026 availability and the weekly rate; ask for the off-platform rate if this is the platform listing.","7 BR / sleeps 10 · $4,545/wk · single",
P2,https://adkcamps.com/en/camp-garcon---historic-great-camp-in-raquette-lake,"rental (Northeast) — Camp Garçon — historic Great Camp, 7 BR but capped at 10 [book direct]","Confirm bedrooms, dock/waterfront, July–August 2026 availability and the weekly rate; ask for the off-platform rate if this is the platform listing.","7 BR / sleeps 10 · $4,545/wk · single",
P2,https://www.covewoodlodge.com/,rental (Northeast) — Covewood Lodge — Great Camp inn with 18 cottages [book direct],"Confirm bedrooms, dock/waterfront, July–August 2026 availability and the weekly rate; ask for the off-platform rate if this is the platform listing.","? BR / sleeps 30 · $2,330/wk · buyout",
P2,https://www.rentbyowner.com/property/echo-lake-camp-with-dock-and-boat/AB-21434874,rental (Northeast) — Echo Lake — no group rental found [Airbnb (via RentByOwner)],"Confirm bedrooms, dock/waterfront, July–August 2026 availability and the weekly rate; ask for the off-platform rate if this is the platform listing.",2 BR / sleeps 6 · largest found: 2 BR · single,
P2,https://www.vacationcottage.com/location/usa/maine/parker-pond,"rental (Northeast) — Lake Front Life — sleeps 16, dock for 16+, theatre room [VacationCottage (Parker Pond listings)]","Confirm bedrooms, dock/waterfront, July–August 2026 availability and the weekly rate; ask for the off-platform rate if this is the platform listing.","? BR / sleeps 16 · $8,500/wk · single",
P2,https://www.vrbo.com/3350220,"rental (Northeast) — Largest private rental on Seymour — 5 BR, sleeps 9 [VRBO]","Confirm bedrooms, dock/waterfront, July–August 2026 availability and the weekly rate; ask for the off-platform rate if this is the platform listing.",5 BR / sleeps 9 · largest found: 5 BR / sleeps 9 · single,
P2,https://www.quisisanaresort.com/,"rental (Northeast) — Quisisana — 42 cottages, full American plan, music every night [book direct]","Confirm bedrooms, dock/waterfront, July–August 2026 availability and the weekly rate; ask for the off-platform rate if this is the platform listing.",? BR / sleeps 60 · full American plan; group terms on request · buyout,
P2,http://lakeseymourlodge.com/,rental (Northeast) — Seymour Lake Lodge — take all 7 rooms and 3 apartments [book direct],"Confirm bedrooms, dock/waterfront, July–August 2026 availability and the weekly rate; ask for the off-platform rate if this is the platform listing.",10 BR / sleeps 24 · ~$95–155/room/night; whole-lodge rate on request · buyout,
P2,https://www.vrbo.com/vacation-rentals/usa/new-hampshire/madison/silver-lake,rental (Northeast) — Silver Lake — no 7+ BR rental found [VRBO (Silver Lake listings)],"Confirm bedrooms, dock/waterfront, July–August 2026 availability and the weekly rate; ask for the off-platform rate if this is the platform listing.",5 BR / sleeps 12 · largest found: 5 BR / sleeps 12 · single,
P3,https://dnr.wisconsin.gov/sites/default/files/topic/Watersheds/PikeChainFMP20150327.pdf,"DNR Fishery Management Plan — Pike Chain, Price Co.","Confirm Round Lake (Price) at 726 ac / 24 ft, low clarity, ~30 ug/L phosphorus.",Basis for demoting Moose Jaw to a program-not-water buy.,
P3,http://underwaterfishphotos.blogspot.com/2020/05/what-are-clearest-lakes-in-wisconsin.html,Engbretson — clearest lakes in Wisconsin,Independent cross-check on Wisconsin clarity rankings.,Not cited in the report; useful as a second opinion.,
P3,https://lyontwp-higginsmi.gov/wp-content/uploads/2022/05/2020-Higgins-Lake-Study.pdf,Higgins Lake Improvement Study (2020),Confirm Secchi 28.5–29.5 ft over the deep basins.,Higgins clarity claim.,
P3,https://dnr.wisconsin.gov/topic/lakes/clmn/remotesensing/faq.html,WI DNR Citizen Lake Monitoring Network,The lookup tool for any Wisconsin lake's clarity record — use it to spot-check the whole dataset.,Named as a source in the appendix.,
P3,https://apps.dnr.wi.gov/lakes/lakepages/LakeDetail.aspx?wbic=1630100,WI DNR lake page — Black Oak Lake,"Confirm 564 ac, 85 ft max, clarity classification.",Tier-2 clarity claim.,
P3,https://apps.dnr.wi.gov/lakes/lakepages/LakeDetail.aspx?wbic=2331600,WI DNR lake page — Trout Lake,"Confirm 3,816 ac, 117 ft max, clarity classification.",The archetype's stats.,
P3,https://apps.dnr.wi.gov/lakes/lakepages/LakeDetail.aspx?wbic=2391200&page=waterquality,WI DNR water-quality page — Grindstone Lake,"The primary Secchi record. Reconcile 23 ft (volunteer, 1993-2005) with 19 ft / 11-33 ft range (DNR).",The single most load-bearing water claim in the report.,
P3,https://leelanauconservancy.org/wp-content/uploads/2012/01/Secchi_meanMinMax_allLakes_allyears.pdf,lake data — Big Glen Lake,Confirm the water-quality / size figures cited.,"Big Glen Secchi just over 19 ft (min/max/mean by lake, all years).",
P3,https://en.wikipedia.org/wiki/Glen_Lake,lake data — Big Glen Lake,Confirm the water-quality / size figures cited.,Per-lake acreage and maximum depth used throughout the dataset.,
P3,https://vilaswi.com/lake-river/big-muskellunge-lake/,lake data — Big Muskellunge Lake,Confirm the water-quality / size figures cited.,"Vilas County lake stats (acreage, depth) and NHAL State Forest at 236,000 ac.",
P3,https://en.wikipedia.org/wiki/Big_Muskellunge_Lake,lake data — Big Muskellunge Lake,Confirm the water-quality / size figures cited.,Per-lake acreage and maximum depth used throughout the dataset.,
P3,https://www.islands.com/1999520/black-oak-lake-wisconsin-cleanest-lake-crystal-clear-scenic-day-trip-getaway/,lake data — Black Oak Lake,Confirm the water-quality / size figures cited.,Black Oak Lake described as Wisconsin's cleanest; Secchi 25–30 ft.,
P3,https://watershedcouncil.org/waterbody/burt/,lake data — Burt Lake,Confirm the water-quality / size figures cited.,"Burt 17,436 ac/73 ft; Mullett 16,630 ac/145 ft; Douglas 3,727 ac/80 ft, Secchi 10–14 ft and 'borders on oligotrophy'; Walloon oligotrophic, 20+ ft visibility.",
P3,https://en.wikipedia.org/wiki/Burt_Lake,lake data — Burt Lake,Confirm the water-quality / size figures cited.,Per-lake acreage and maximum depth used throughout the dataset.,
P3,https://chicaugonlake.weebly.com/,lake data — Chicaugon Lake,Confirm the water-quality / size figures cited.,"Chicaugon 1,100 ac, 115 ft max, improving Secchi trend.",
P3,https://dnr.wisconsin.gov/topic/lands/chippewaflowage,lake data — Chippewa Flowage,Confirm the water-quality / size figures cited.,"Turtle–Flambeau 12,942 ac / seventh-largest / Scenic Waters; Chippewa Flowage; Willow Flowage 6,306 ac / 30 ft; NR 115 shoreland standards.",
P3,https://explorewesternup.com/things-to-do/cisco-chain-of-lakes/,lake data — Cisco Chain of Lakes,Confirm the water-quality / size figures cited.,"Cisco Chain: 15 lakes, 4,025 ac, 270 mi of shoreline.",
P3,https://en.wikipedia.org/wiki/Mamie_Lake_(Wisconsin),lake data — Cisco Chain of Lakes,Confirm the water-quality / size figures cited.,Per-lake acreage and maximum depth used throughout the dataset.,
P3,https://watershedcouncil.org/watersheds/burt-lake-watershed/,lake data — Crooked & Pickerel Lakes,Confirm the water-quality / size figures cited.,"Burt 17,436 ac/73 ft; Mullett 16,630 ac/145 ft; Douglas 3,727 ac/80 ft, Secchi 10–14 ft and 'borders on oligotrophy'; Walloon oligotrophic, 20+ ft visibility.",
P3,https://watershedcouncil.org/,lake data — Crooked & Pickerel Lakes,Confirm the water-quality / size figures cited.,"Burt 17,436 ac/73 ft; Mullett 16,630 ac/145 ft; Douglas 3,727 ac/80 ft, Secchi 10–14 ft and 'borders on oligotrophy'; Walloon oligotrophic, 20+ ft visibility.",
P3,https://crystallakewatershed.org/watershed-facts/,lake data — Crystal Lake,Confirm the water-quality / size figures cited.,"Crystal Lake 9,854 ac, 165 ft max, 70 ft mean, 21 mi shoreline.",
P3,"https://en.wikipedia.org/wiki/Crystal_Lake_(Benzie_County,_Michigan)",lake data — Crystal Lake,Confirm the water-quality / size figures cited.,Per-lake acreage and maximum depth used throughout the dataset.,
P3,https://watershedcouncil.org/waterbody/douglas-lake-cheboygan-county/,lake data — Douglas Lake,Confirm the water-quality / size figures cited.,"Burt 17,436 ac/73 ft; Mullett 16,630 ac/145 ft; Douglas 3,727 ac/80 ft, Secchi 10–14 ft and 'borders on oligotrophy'; Walloon oligotrophic, 20+ ft visibility.",
P3,"https://en.wikipedia.org/wiki/Douglas_Lake_(Cheboygan_County,_Michigan)",lake data — Douglas Lake,Confirm the water-quality / size figures cited.,Per-lake acreage and maximum depth used throughout the dataset.,
P3,https://en.wikipedia.org/wiki/Elk_Lake_(Michigan),lake data — Elk Lake,Confirm the water-quality / size figures cited.,Per-lake acreage and maximum depth used throughout the dataset.,
P3,https://en.wikipedia.org/wiki/Flambeau_Lake,lake data — Fence Lake (Lac du Flambeau chain),Confirm the water-quality / size figures cited.,Per-lake acreage and maximum depth used throughout the dataset.,
P3,https://en.wikipedia.org/wiki/Grand_Lake_(Michigan),lake data — Grand Lake,Confirm the water-quality / size figures cited.,Per-lake acreage and maximum depth used throughout the dataset.,
P3,https://grindstonelake.org/the-lake/,lake data — Grindstone Lake,Confirm the water-quality / size figures cited.,"Secchi averaged 23 ft, 1993–2005; 3,176 ac; 60 ft max; 10.5 mi shoreline. This is the single most load-bearing water-quality claim in the report.","CONFIRMED: 23 ft Secchi averaged 1993-2005, oligotrophic. DNR fishery plan gives 19 ft (range 11-33) and 3,117 ac vs 3,176 elsewhere — both now stated in the report."
P3,https://en.wikipedia.org/wiki/Grindstone_Lake_(Wisconsin),lake data — Grindstone Lake,Confirm the water-quality / size figures cited.,Per-lake acreage and maximum depth used throughout the dataset.,
P3,https://www.higginslake-foundation.org/protect/water-testing/,lake data — Higgins Lake,Confirm the water-quality / size figures cited.,Higgins Lake CLMP transparency readings.,
P3,https://hlpoa.org/studies-surveys-general-water-quality/,lake data — Higgins Lake,Confirm the water-quality / size figures cited.,Higgins Lake Secchi 28.5–35 ft across basins.,
P3,https://en.wikipedia.org/wiki/Higgins_Lake,lake data — Higgins Lake,Confirm the water-quality / size figures cited.,Per-lake acreage and maximum depth used throughout the dataset.,
P3,https://www.visitalpena.com/visit-alpena/hubbard-lake/,lake data — Hubbard Lake,Confirm the water-quality / size figures cited.,"Hubbard Lake 8,850 ac / 97.5 ft / Secchi ~12 ft.",
P3,https://en.wikipedia.org/wiki/Hubbard_Lake,lake data — Hubbard Lake,Confirm the water-quality / size figures cited.,Per-lake acreage and maximum depth used throughout the dataset.,
P3,https://www.visitalpena.com/quick-guide-inland-fishing-alpena/,lake data — Hubbard Lake,Confirm the water-quality / size figures cited.,"Hubbard Lake 8,850 ac / 97.5 ft / Secchi ~12 ft.",
P3,https://en.wikipedia.org/wiki/Lake_Skegemog,lake data — Intermediate Lake,Confirm the water-quality / size figures cited.,Per-lake acreage and maximum depth used throughout the dataset.,
P3,https://haywardlakes.com/activities/lakes/,lake data — Lac Courte Oreilles,Confirm the water-quality / size figures cited.,"Lac Courte Oreilles 5,039 ac / 90 ft / 25.4 mi; Chippewa Flowage 15,300 ac / 92 ft / 140 islands / 200+ mi shoreline.",
P3,https://en.wikipedia.org/wiki/Lac_Courte_Oreilles,lake data — Lac Courte Oreilles,Confirm the water-quality / size figures cited.,Per-lake acreage and maximum depth used throughout the dataset.,
P3,https://en.wikipedia.org/wiki/Lake_Gogebic,lake data — Lake Gogebic,Confirm the water-quality / size figures cited.,Per-lake acreage and maximum depth used throughout the dataset.,
P3,https://en.wikipedia.org/wiki/Lake_Independence_(Michigan),lake data — Lake Independence,Confirm the water-quality / size figures cited.,Per-lake acreage and maximum depth used throughout the dataset.,
P3,https://lakeleelanau.org/wake-boats/,lake data — Lake Leelanau (N & S),Confirm the water-quality / size figures cited.,Lake Leelanau Association position on 500-ft wake-boat setbacks.,
P3,https://en.wikipedia.org/wiki/Lake_Leelanau,lake data — Lake Leelanau (N & S),Confirm the water-quality / size figures cited.,Per-lake acreage and maximum depth used throughout the dataset.,
P3,https://en.wikipedia.org/wiki/Lake_Michigamme,lake data — Lake Michigamme,Confirm the water-quality / size figures cited.,Per-lake acreage and maximum depth used throughout the dataset.,
P3,https://en.wikipedia.org/wiki/Lake_Namakagon,lake data — Lake Namakagon,Confirm the water-quality / size figures cited.,Per-lake acreage and maximum depth used throughout the dataset.,
P3,https://www.lake-link.com/wisconsin-lakes/oneida-county/tomahawk-lake/3444/,lake data — Lake Tomahawk,Confirm the water-quality / size figures cited.,"Per-lake acreage, depth and DNR clarity classification.",
P3,https://en.wikipedia.org/wiki/Tomahawk_Lake_(Wisconsin),lake data — Lake Tomahawk,Confirm the water-quality / size figures cited.,Per-lake acreage and maximum depth used throughout the dataset.,
P3,https://www.uptravel.com/places-to-visit/islands/les-cheneaux/,lake data — Les Cheneaux Islands,Confirm the water-quality / size figures cited.,"Les Cheneaux: 36 islands, sheltered Lake Huron channels.",
P3,"https://en.wikipedia.org/wiki/Long_Lake_(Grand_Traverse_County,_Michigan)",lake data — Long Lake (Grand Traverse),Confirm the water-quality / size figures cited.,Per-lake acreage and maximum depth used throughout the dataset.,
P3,https://watershedcouncil.org/waterbody/mullett-lake/,lake data — Mullett Lake,Confirm the water-quality / size figures cited.,"Burt 17,436 ac/73 ft; Mullett 16,630 ac/145 ft; Douglas 3,727 ac/80 ft, Secchi 10–14 ft and 'borders on oligotrophy'; Walloon oligotrophic, 20+ ft visibility.",
P3,https://en.wikipedia.org/wiki/Mullett_Lake,lake data — Mullett Lake,Confirm the water-quality / size figures cited.,Per-lake acreage and maximum depth used throughout the dataset.,
P3,https://vilaswi.com/lake-river/north-twin-lake/,lake data — North Twin Lake,Confirm the water-quality / size figures cited.,"Vilas County lake stats (acreage, depth) and NHAL State Forest at 236,000 ac.",
P3,"https://en.wikipedia.org/wiki/North_Twin_Lake_(Phelps,_Wisconsin)",lake data — North Twin Lake,Confirm the water-quality / size figures cited.,Per-lake acreage and maximum depth used throughout the dataset.,
P3,https://en.wikipedia.org/wiki/Gile_Flowage,lake data — Pike Lake Chain,Confirm the water-quality / size figures cited.,Per-lake acreage and maximum depth used throughout the dataset.,
P3,https://www.starlake.org/topic/plum,lake data — Plum Lake,Confirm the water-quality / size figures cited.,"Plum Lake 1,057 ac / 57 ft; Star Lake 1,206 ac / 68 ft.",
P3,https://en.wikipedia.org/wiki/Plum_Lake_(Wisconsin),lake data — Plum Lake,Confirm the water-quality / size figures cited.,Per-lake acreage and maximum depth used throughout the dataset.,
P3,https://en.wikipedia.org/wiki/Presque_Isle_Lake,lake data — Presque Isle Lake,Confirm the water-quality / size figures cited.,Per-lake acreage and maximum depth used throughout the dataset.,
P3,https://en.wikipedia.org/wiki/Round_Lake_(Wisconsin),lake data — Round Lake,Confirm the water-quality / size figures cited.,Per-lake acreage and maximum depth used throughout the dataset.,
P3,https://en.wikipedia.org/wiki/Squirrel_Lake,lake data — Squirrel Lake,Confirm the water-quality / size figures cited.,Per-lake acreage and maximum depth used throughout the dataset.,
P3,"https://en.wikipedia.org/wiki/Star_Lake_(Vilas_County,_Wisconsin)",lake data — Star Lake,Confirm the water-quality / size figures cited.,Per-lake acreage and maximum depth used throughout the dataset.,
P3,https://vilaswi.com/your-guide-to-the-northern-highland-american-legion-state-forest/,lake data — Trout Lake (the archetype),Confirm the water-quality / size figures cited.,"Vilas County lake stats (acreage, depth) and NHAL State Forest at 236,000 ac.",
P3,https://dnr.wisconsin.gov/topic/Lands/TurtleFlambeau/history.html,lake data — Turtle–Flambeau Flowage,Confirm the water-quality / size figures cited.,"Turtle–Flambeau 12,942 ac / seventh-largest / Scenic Waters; Chippewa Flowage; Willow Flowage 6,306 ac / 30 ft; NR 115 shoreland standards.",
P3,https://en.wikipedia.org/wiki/Turtle-Flambeau_Flowage,lake data — Turtle–Flambeau Flowage,Confirm the water-quality / size figures cited.,Per-lake acreage and maximum depth used throughout the dataset.,
P3,https://watershedcouncil.org/waterbody/walloon-lake/,lake data — Walloon Lake,Confirm the water-quality / size figures cited.,"Burt 17,436 ac/73 ft; Mullett 16,630 ac/145 ft; Douglas 3,727 ac/80 ft, Secchi 10–14 ft and 'borders on oligotrophy'; Walloon oligotrophic, 20+ ft visibility.",
P3,https://en.wikipedia.org/wiki/Walloon_Lake,lake data — Walloon Lake,Confirm the water-quality / size figures cited.,Per-lake acreage and maximum depth used throughout the dataset.,
P3,https://dnr.wisconsin.gov/topic/lands/willowflowage,lake data — Willow Flowage,Confirm the water-quality / size figures cited.,"Turtle–Flambeau 12,942 ac / seventh-largest / Scenic Waters; Chippewa Flowage; Willow Flowage 6,306 ac / 30 ft; NR 115 shoreland standards.",
P3,https://en.wikipedia.org/wiki/Willow_Reservoir,lake data — Willow Flowage,Confirm the water-quality / size figures cited.,Per-lake acreage and maximum depth used throughout the dataset.,
P3,https://www.lakequality.org/best/cleanest/mi,lakequality.org — cleanest MI lakes,Confirm Higgins basin readings (34–35 ft) and the Michigan clarity ranking.,Supports the Higgins clarity claim.,
P3,https://www.lakequality.org/ranking/clearest/wi,lakequality.org — clearest WI lakes,"Confirm Black Oak 28.5 ft and Lake Owen 24.6 ft Secchi, both graded A.",Two Tier-1/Tier-2 clarity claims rest on this.,
P4,"https://www.travelmath.com/driving-time/from/Minocqua,+WI/to/Chicago,+IL",Chicago–Minocqua drive time,The single calibration point for every drive estimate on the map (342 mi / ~5:12). Worth re-deriving a few others directly.,All other drive times are my interpolations from this rate.,
